timestamp(ms),pitch(¡Æ),roll(¡Æ),yaw(¡Æ),flex1,flex2,flex3,flex4,flex5
24636,-0.85,-0.06,0.12,741,753,755,772,794
24656,-0.85,0.00,0.12,738,752,749,769,783
24676,-0.85,0.00,0.12,744,756,758,774,788
24696,-0.85,-0.06,0.12,744,756,756,770,787
24716,-0.85,-0.06,0.18,740,755,757,774,780
24736,-0.85,-0.06,0.06,745,753,769,771,802
24756,-0.85,-0.06,0.00,746,752,760,773,786
24776,-0.85,-0.12,0.18,739,754,756,772,783
24796,-0.85,0.00,0.18,744,755,752,769,789
24816,-0.85,-0.06,0.06,742,756,758,774,788
24836,-0.85,-0.06,0.12,745,757,759,772,784
24856,-0.85,0.00,0.12,738,753,752,770,785
24876,-0.98,-0.06,0.12,745,750,753,767,779
24896,-1.34,0.06,0.00,741,747,750,775,789
24916,-0.92,-0.12,-0.24,745,752,755,772,790
24936,-0.85,-0.12,0.24,743,755,752,773,784
24956,-0.85,0.12,0.12,743,753,754,775,786
24976,-0.85,0.00,0.18,744,752,751,780,785
24996,-0.85,-0.06,-0.06,743,752,755,785,790
25016,-0.79,-0.12,0.12,743,753,758,772,786
25036,-0.79,0.00,0.12,742,758,758,774,786
25056,-0.79,0.00,0.12,741,748,754,767,785
25076,-0.85,-0.06,0.12,739,747,751,765,784
25096,-0.85,-0.06,0.06,741,747,754,770,787
25116,-0.85,-0.06,0.12,741,749,758,776,785
25136,-0.85,0.00,0.12,742,749,755,775,784
25156,-0.85,0.00,0.12,745,756,759,775,786
25176,-0.85,0.00,0.12,739,748,754,775,787
25196,-0.85,-0.06,0.06,743,751,756,774,784
25216,-0.85,-0.06,0.18,741,746,756,776,778
25236,-0.85,0.00,0.18,742,758,757,776,785
25256,-0.85,0.00,0.06,744,756,755,772,782
25276,-0.85,-0.06,0.12,742,754,754,774,781
25296,-0.85,-0.06,0.06,743,758,753,775,786
25316,-0.85,-0.06,0.18,745,746,752,768,786
25336,-0.79,0.00,0.12,744,757,752,776,782
25356,-0.85,0.00,0.06,744,751,759,769,783
25376,-0.79,-0.06,0.12,742,756,753,771,783
25396,-0.79,0.00,0.12,745,758,755,772,787
25416,-0.79,-0.06,0.12,743,758,750,773,787
25436,-0.85,0.00,0.12,744,752,753,771,786
25456,-0.85,-0.12,0.12,744,748,758,773,787
25476,-0.85,-0.06,0.06,743,751,752,774,786
25496,-0.85,-0.06,0.12,744,747,755,771,785
25516,-0.85,0.00,0.18,746,756,757,767,785
25536,-0.85,-0.06,0.06,740,753,751,773,784
25556,-0.85,-0.06,0.12,744,749,755,771,785
25576,-0.85,-0.06,0.06,740,749,753,787,782
25596,-0.79,-0.06,0.12,743,760,757,770,785
25616,-0.85,0.00,0.12,741,755,755,774,783
25636,-0.85,-0.06,0.00,745,756,759,767,785
25656,-0.79,-0.06,0.12,738,749,754,770,787
25676,-0.79,0.00,0.18,741,747,757,768,785
25696,-0.79,0.00,0.12,740,754,757,775,788
25716,-0.85,0.00,0.06,745,754,756,771,789
25736,-0.85,-0.06,0.18,743,752,759,776,787
25756,-0.85,0.00,0.06,743,753,756,776,787
25776,-0.85,0.00,0.18,745,753,755,776,786
25796,-0.79,0.00,0.12,745,752,754,773,792
25816,-0.85,-0.06,0.06,746,756,756,768,786
25836,-0.79,-0.06,0.12,744,757,753,772,784
25856,-0.85,0.00,0.06,742,747,770,774,787
25876,-0.85,-0.06,0.12,743,752,752,772,814
25896,-0.85,-0.06,0.12,744,750,753,771,784
25916,-0.85,-0.06,0.06,741,754,755,776,785
25936,-0.79,-0.06,0.18,744,756,761,769,784
25956,-0.85,-0.06,0.12,738,748,754,774,784
25976,-0.85,-0.06,0.12,744,752,752,768,781
25996,-0.85,0.00,0.12,743,746,762,773,783
26016,-0.85,-0.06,0.12,741,753,755,775,784
26036,-0.79,-0.12,0.12,742,753,756,773,785
26056,-0.85,-0.06,0.18,742,749,755,768,783
26076,-0.85,-0.06,0.12,740,752,754,773,790
26096,-0.85,-0.06,0.12,745,757,756,775,785
26116,-0.85,0.00,0.06,743,753,749,774,782
26136,-0.79,0.00,0.12,746,753,751,775,787
26156,-0.79,0.00,0.18,745,753,757,769,785
26176,-0.85,-0.06,0.06,745,759,757,775,787
26196,-0.85,-0.12,0.12,739,749,755,787,790
26216,-0.85,-0.06,0.06,738,752,758,775,785
26236,-0.85,-0.06,0.24,745,752,753,776,785
26256,-0.85,-0.06,0.06,741,752,759,774,786
26276,-0.79,-0.06,0.06,745,747,756,772,786
26296,-0.79,-0.06,0.12,742,755,752,774,788
26316,-0.79,0.00,0.06,744,752,757,773,788
26336,-0.79,-0.06,0.12,743,752,755,772,790
26356,-0.79,0.00,0.12,740,752,751,775,787
26376,-0.79,-0.06,0.12,743,755,755,772,789
26396,-0.85,-0.06,0.12,743,753,753,787,786
26416,-0.85,-0.06,0.12,746,758,753,773,785
26436,-0.79,-0.06,0.18,740,753,756,771,784
26456,-0.85,-0.06,0.06,745,759,758,776,785
26476,-0.79,-0.06,0.18,741,753,755,773,787
26496,-0.85,0.00,0.06,741,751,759,774,788
26516,-0.85,-0.06,0.18,742,751,753,774,782
26536,-0.85,-0.06,0.12,738,750,756,769,786
26556,-0.79,-0.06,0.06,746,749,757,772,789
26576,-0.85,0.00,0.12,745,747,755,774,785
26596,-0.79,-0.06,0.12,745,752,759,773,786
26616,-0.79,-0.06,0.12,742,750,752,768,786
26636,-0.79,-0.06,0.06,745,756,756,773,802
26656,-0.85,-0.06,0.18,743,754,752,773,784
26676,-0.79,-0.06,0.12,741,750,753,772,783
26696,-0.85,0.00,0.12,740,752,758,766,783
26716,-0.79,-0.06,0.12,739,756,759,770,788
26736,-0.85,-0.06,0.12,739,753,759,775,784
26756,-0.85,-0.06,0.18,743,753,751,769,787
26776,-0.79,-0.06,0.12,743,750,751,773,774
26796,-0.79,-0.06,0.06,746,752,754,775,785
26816,-0.79,-0.06,0.18,745,753,754,772,788
26836,-0.85,-0.06,0.12,740,747,758,766,788
26856,-0.85,-0.06,0.12,745,758,752,773,785
26876,-0.85,-0.06,0.12,741,759,759,775,785
26896,-0.79,-0.06,0.06,741,753,755,772,790
26916,-0.85,-0.06,0.12,744,753,755,771,784
26936,-0.79,-0.06,0.12,739,748,756,768,780
26956,-0.79,-0.06,0.06,744,753,755,773,788
26976,-0.85,-0.12,0.06,747,752,757,772,783
26996,-0.79,-0.06,0.06,745,755,756,769,789
27016,-0.85,-0.06,-0.06,739,748,758,768,786
27036,-0.85,0.00,0.37,744,753,755,774,782
27056,-0.73,-0.12,0.06,744,757,756,775,786
27076,-0.79,-0.18,0.00,744,752,757,775,781
27096,-0.85,0.00,0.00,745,756,759,770,787
27116,-0.79,0.00,0.31,739,752,757,775,785
27136,-0.79,0.06,0.06,742,755,754,767,788
27156,-0.79,-0.12,0.06,745,753,755,772,789
27176,-0.92,0.00,0.06,744,756,756,771,789
27196,-0.79,-0.12,0.00,743,757,755,771,816
27216,-0.79,0.00,0.24,741,750,757,773,788
27236,-0.85,-0.06,0.00,743,757,760,766,794
27256,-0.85,-0.06,0.18,743,759,757,768,788
27276,-0.79,0.00,0.00,744,755,760,768,785
27296,-0.79,-0.06,0.18,745,754,754,769,786
27316,-0.92,0.00,0.12,745,750,760,770,789
27336,-0.79,-0.24,0.00,742,757,755,769,788
27356,-0.79,0.00,0.18,744,753,760,769,785
27376,-0.73,-0.12,0.00,744,756,760,768,789
27396,-0.85,-0.18,-0.06,743,759,756,771,778
27416,-0.73,0.12,0.49,744,755,756,773,787
27436,-0.85,-0.18,-0.37,744,753,753,775,788
27456,-0.85,-0.18,0.49,743,756,757,768,788
27476,-0.85,-0.06,-0.12,738,746,752,776,786
27496,-0.79,-0.06,0.43,746,752,759,772,784
27516,-0.85,-0.12,-0.18,745,752,752,776,787
27536,-0.85,-0.18,0.37,744,754,759,766,781
27556,-0.79,-0.12,-0.12,743,752,757,773,783
27576,-0.85,-0.06,0.18,743,754,754,775,787
27596,-0.85,0.06,0.18,738,749,759,772,787
27616,-0.85,-0.12,0.12,745,752,753,773,784
27636,-0.85,-0.18,0.12,745,757,757,776,785
27656,-0.98,-0.24,0.06,744,753,755,772,789
27676,-1.34,-0.37,0.24,739,750,757,770,793
27696,-1.28,-0.18,-0.18,741,753,757,774,785
27716,-0.85,-0.18,-0.06,739,748,760,775,783
27736,-0.73,0.00,0.31,745,752,755,776,789
27756,-0.79,0.00,0.18,741,753,755,773,783
27776,-0.73,-0.31,-0.12,743,758,756,772,788
27796,-0.31,-1.28,0.06,739,748,751,769,783
27816,1.46,-3.97,-0.73,743,759,753,776,786
27836,0.37,-3.05,2.62,743,755,752,768,788
27856,-2.50,1.65,-2.26,743,754,768,772,788
27876,0.00,-1.22,0.67,743,754,757,772,784
27896,-0.06,-0.49,2.50,743,748,750,775,790
27916,-2.81,2.26,-1.77,744,750,769,769,788
27936,0.67,-2.69,-0.49,744,752,758,769,788
27956,3.48,-5.62,2.38,741,757,754,771,787
27976,2.62,1.77,-7.39,744,749,759,774,816
27996,2.14,-2.93,1.10,742,754,751,767,787
28016,-1.34,1.65,0.79,741,753,756,771,786
28036,-2.75,2.14,0.73,746,758,757,771,788
28056,-4.46,1.28,0.85,740,745,754,767,784
28076,-6.41,-0.92,-0.55,746,758,755,771,788
28096,1.40,-3.72,-1.40,741,757,757,770,784
28116,3.36,-2.38,1.04,745,751,754,771,790
28136,3.11,1.34,-2.75,740,753,764,772,788
28156,1.28,-1.65,1.16,739,752,756,772,785
28176,-0.12,2.32,1.10,738,746,755,771,787
28196,1.65,-7.75,21.24,744,747,762,768,790
28216,-1.89,-6.41,11.17,745,749,759,772,787
28236,-0.31,-11.90,6.53,744,759,757,771,787
28256,1.71,-15.20,7.93,742,754,752,773,802
28276,3.78,-12.70,12.70,745,756,755,774,792
28296,-2.62,-4.15,-4.52,741,745,752,766,801
28316,-9.28,8.91,-26.49,743,752,757,765,799
28336,-5.92,16.66,-20.94,745,752,759,774,801
28356,2.32,15.44,9.89,745,757,759,774,800
28376,5.74,1.65,5.55,743,752,756,774,802
28396,3.85,-5.49,-2.26,742,757,755,775,798
28416,-8.30,-12.70,-13.31,744,754,753,766,798
28436,-10.93,-1.89,-30.27,741,745,752,773,797
28456,-16.78,-16.72,-1.46,743,752,756,771,793
28476,-12.57,0.06,-2.20,744,752,756,773,800
28496,3.23,0.79,3.66,744,747,756,768,797
28516,7.02,4.39,5.49,745,747,752,773,791
28536,1.40,0.43,1.04,744,757,755,773,789
28556,-2.01,-1.46,-0.61,739,747,756,771,790
28576,-1.22,-0.06,-1.04,743,753,750,770,788
28596,-0.98,-1.10,-0.31,743,753,760,771,790
28616,0.00,-1.04,2.08,739,752,756,781,786
28636,-0.98,-0.79,-1.22,743,757,756,769,795
28656,-0.98,-0.31,-0.12,743,758,758,774,794
28676,-1.40,0.79,-1.83,745,760,759,768,798
28696,-0.85,-0.12,0.61,738,752,751,774,805
28716,-1.40,1.59,-0.79,744,753,751,772,821
28736,-1.28,0.49,0.98,741,757,759,774,829
28756,-2.87,1.71,-3.60,742,747,756,772,840
28776,-5.98,-6.35,-1.04,743,753,753,771,845
28796,-4.52,-0.55,-3.91,737,752,756,772,856
28816,-5.55,-5.25,-2.50,744,751,755,771,852
28836,-1.89,-2.20,-2.87,744,753,756,774,849
28856,-0.79,-2.14,0.73,744,751,755,768,839
28876,-3.42,-1.10,-2.81,744,751,755,773,844
28896,1.04,-0.18,-8.00,740,752,756,772,844
28916,0.00,-1.22,-8.12,744,748,759,769,842
28936,-1.04,-4.03,1.83,743,758,757,772,847
28956,-1.16,0.12,-0.24,742,753,754,776,849
28976,-1.77,-5.25,0.79,742,752,754,772,841
28996,-0.55,-2.69,2.69,745,756,754,778,841
29016,-1.16,0.85,-1.22,745,756,755,773,843
29036,-0.67,-1.40,0.67,743,752,755,769,833
29056,-0.18,-6.53,-0.06,743,747,758,770,838
29076,5.98,-1.04,-4.27,740,749,756,776,832
29096,-0.92,-2.62,2.32,739,746,759,774,832
29116,-1.04,5.31,-3.85,743,755,758,775,822
29136,-0.73,-2.50,1.71,743,751,756,769,811
29156,-0.61,-1.65,0.43,745,752,753,771,796
29176,-1.04,1.89,-2.62,739,754,758,770,808
29196,-0.43,-1.28,-0.37,744,753,753,774,793
29216,0.00,-5.00,3.66,746,752,757,771,791
29236,2.69,-3.36,-7.26,740,752,757,771,792
29256,10.86,5.31,-28.93,743,756,755,772,785
29276,4.15,-11.96,-9.34,744,748,760,773,787
29296,0.43,2.44,-5.98,740,755,757,773,782
29316,-0.55,-0.49,0.79,744,751,750,769,777
29336,-0.49,-3.60,-2.93,743,750,759,773,777
29356,-0.06,-2.69,-2.62,746,756,760,775,781
29376,-0.24,-1.59,-2.69,744,754,758,774,780
29396,2.20,-1.95,4.33,742,752,756,773,780
29416,-0.79,-0.12,-5.37,743,752,755,771,779
29436,-1.53,0.85,-2.08,743,753,754,773,785
29456,4.09,0.67,-7.75,744,754,756,774,784
29476,2.69,-1.77,-7.39,744,752,756,768,807
29496,-1.22,1.16,0.49,745,753,756,775,819
29516,1.77,-11.66,2.32,736,748,759,776,827
29536,4.88,0.12,0.00,740,756,755,773,824
29556,-1.04,3.66,-3.97,744,755,755,774,840
29576,-1.83,-0.37,-1.28,741,749,758,777,839
29596,-0.98,0.61,-1.40,745,753,756,773,852
29616,-1.77,0.49,-3.66,743,747,754,770,840
29636,-1.77,-0.49,-2.50,744,757,755,772,856
29656,-1.65,1.16,-3.42,742,753,757,774,859
29676,-0.49,6.29,-0.73,745,758,759,774,868
29696,-1.40,-2.81,0.92,746,748,759,774,877
29716,-1.28,-0.18,-2.01,744,751,752,774,896
29736,-1.53,3.66,-2.87,739,745,759,778,887
29756,-0.98,-0.37,0.37,744,753,752,776,896
29776,-1.16,0.37,-1.04,745,752,755,777,896
29796,-0.61,0.55,0.06,743,752,750,771,906
29816,-0.24,-2.62,1.77,744,770,751,773,909
29836,-0.79,-1.77,1.59,743,753,752,772,913
29856,-1.16,1.46,-1.95,743,746,758,778,914
29876,-0.79,2.44,-1.83,740,758,757,775,916
29896,-0.79,-0.49,0.49,744,758,750,780,916
29916,-0.98,0.31,-1.65,743,753,756,775,926
29936,-0.73,-0.12,0.37,745,754,756,777,927
29956,-1.04,0.31,-1.40,743,752,756,775,930
29976,-0.98,2.87,-2.38,746,748,759,777,937
29996,-1.04,2.32,-2.56,744,750,755,776,931
30016,-0.92,1.59,-1.40,744,753,753,779,938
30036,-0.24,-0.55,1.71,744,752,757,778,935
30056,-0.43,-0.24,0.98,741,753,759,776,942
30076,-0.43,-2.08,2.26,743,751,759,778,942
30096,-0.12,-3.30,2.50,746,758,757,779,941
30116,-0.31,-0.24,-1.46,744,756,751,775,946
30136,-0.98,14.04,-0.37,743,752,756,776,938
30156,-0.85,0.00,-0.31,743,752,753,779,946
30176,-0.85,0.31,-0.24,745,758,759,779,951
30196,-0.92,0.00,-0.31,745,752,752,776,935
30216,-0.67,-0.49,1.10,739,752,759,778,941
30236,-0.92,0.00,0.00,744,753,751,771,940
30256,-0.73,-0.18,0.73,741,758,759,780,932
30276,-0.92,-0.12,-0.06,746,758,756,777,929
30296,-0.79,-0.37,0.79,745,758,754,773,925
30316,-1.16,-1.10,0.24,742,758,757,772,923
30336,-1.53,2.08,-1.83,742,753,759,778,913
30356,-0.85,0.06,0.73,744,754,755,779,902
30376,-1.34,-0.37,-0.73,742,751,752,778,886
30396,-1.10,-0.06,-2.26,736,751,759,776,871
30416,0.12,-3.48,-4.88,743,752,752,773,852
30436,3.42,-8.61,-6.04,744,763,756,775,847
30456,11.72,-4.21,-7.57,745,754,756,771,841
30476,19.71,-6.65,-14.22,744,758,755,771,822
30496,27.04,-6.65,-18.13,745,757,756,782,823
30516,30.64,-20.63,-0.06,739,757,756,775,817
30536,14.34,1.34,-8.73,745,754,752,776,816
30556,-1.71,-1.65,1.77,742,755,750,777,815
30576,-2.81,5.31,-1.53,745,756,758,775,810
30596,-0.43,-1.34,0.18,742,766,753,778,821
30616,0.06,-3.42,1.59,740,759,756,775,812
30636,0.79,-4.52,3.48,746,754,760,777,808
30656,0.18,1.10,-1.95,743,754,756,769,808
30676,-0.18,-1.40,3.05,745,753,753,772,809
30696,-0.49,0.92,-2.75,743,754,753,774,810
30716,-1.10,0.67,0.00,743,754,757,773,805
30736,-0.49,-0.49,1.10,739,759,758,775,807
30756,-0.37,-0.49,2.08,742,746,759,778,802
30776,-1.16,0.49,0.31,741,755,755,774,809
30796,-0.85,-0.67,-0.18,741,758,752,774,802
30816,0.06,-2.14,1.53,743,753,754,776,806
30836,-0.43,0.55,0.37,746,747,755,772,805
30856,-0.85,1.89,-0.49,745,753,751,777,807
30876,1.34,-1.77,1.22,741,752,754,775,805
30896,2.69,-1.16,0.31,743,752,752,777,806
30916,4.46,-0.85,1.53,741,747,759,773,808
30936,4.76,2.08,-2.62,745,750,756,774,804
30956,0.79,-2.32,-0.12,740,759,757,773,804
30976,-0.12,-2.20,0.79,744,752,756,773,804
30996,-0.49,-0.18,0.73,739,754,755,778,810
31016,-0.85,0.18,0.73,743,751,752,768,806
31036,0.79,-0.18,-0.49,741,756,758,773,802
31056,1.10,-1.40,0.24,745,753,754,769,805
31076,3.05,1.40,-2.75,745,753,752,769,806
31096,1.16,-0.73,-0.31,744,753,753,776,809
31116,-1.40,0.61,-1.71,744,761,756,770,804
31136,-1.16,0.85,-0.73,743,752,756,773,807
31156,-0.79,-0.67,0.98,744,752,759,776,806
31176,-2.81,-0.85,1.28,746,755,755,774,805
31196,-12.27,-27.16,47.12,746,752,753,769,808
31216,-5.49,-20.39,23.68,744,753,758,775,808
31236,-7.57,-17.64,7.45,743,752,751,769,812
31256,-3.48,1.16,-8.42,743,752,751,776,817
31276,-3.85,19.71,-30.09,745,758,756,776,812
31296,2.99,31.13,-35.10,744,762,749,768,814
31316,11.17,0.79,12.63,744,754,756,773,815
31336,-2.26,1.28,-8.48,743,748,758,772,817
31356,-8.30,-6.77,-5.86,745,754,753,777,829
31376,-5.07,-1.53,-4.09,745,753,758,767,829
31396,-1.77,1.22,-2.01,737,757,756,771,831
31416,-0.31,2.08,4.21,742,748,759,777,838
31436,-0.79,0.24,0.79,744,753,753,777,842
31456,-0.31,-2.75,-0.61,743,749,758,770,846
31476,-2.26,-0.18,-9.58,745,753,751,771,844
31496,0.18,6.77,-13.24,741,758,756,769,845
31516,7.45,5.07,-11.41,747,751,757,776,848
31536,2.87,3.66,-21.73,743,756,756,773,855
31556,-5.07,1.34,-23.80,740,758,755,777,858
31576,-4.33,4.03,-13.73,742,749,755,774,858
31596,-2.32,7.87,-9.89,743,751,753,769,863
31616,-1.77,5.37,-7.87,744,753,750,769,876
31636,-2.38,1.95,-14.22,745,755,757,777,866
31656,-1.04,12.33,-10.93,742,753,752,778,865
31676,-0.49,0.79,-1.59,742,753,751,778,869
31696,-0.92,-2.26,0.55,744,747,753,774,870
31716,-0.73,-0.31,0.98,739,747,757,775,877
31736,-0.79,-0.31,0.43,745,752,749,773,876
31756,-0.92,0.37,-1.83,743,750,759,777,877
31776,-1.46,0.49,-2.50,744,746,760,778,880
31796,-1.65,0.12,-4.15,743,758,756,776,879
31816,-2.14,0.61,-4.94,746,756,756,777,886
31836,-1.40,1.16,-3.17,743,751,755,779,894
31856,-0.61,2.93,2.50,743,754,757,779,886
31876,-1.46,0.12,-1.59,739,752,758,780,901
31896,-1.16,0.31,-2.38,749,753,751,772,899
31916,-0.31,-0.24,0.67,745,755,756,777,905
31936,-0.79,0.12,-0.06,739,751,756,779,893
31956,-0.73,0.06,0.06,744,752,757,776,901
31976,-0.55,-0.06,1.40,744,752,756,777,905
31996,-0.06,-0.61,1.22,739,757,755,776,910
32016,-0.79,0.18,0.49,742,753,754,774,913
32036,-0.98,0.43,-0.43,741,751,757,779,913
32056,-1.04,1.53,-1.83,745,754,753,774,914
32076,0.00,-0.49,-0.24,738,756,758,780,909
32096,-0.67,-0.31,-0.24,739,756,769,772,916
32116,-1.46,0.43,-3.11,744,759,757,781,922
32136,-0.92,2.26,-1.95,745,752,756,772,924
32156,-0.61,0.24,0.49,744,754,751,776,924
32176,-0.61,2.01,-0.18,746,754,756,777,926
32196,-0.24,-1.10,0.49,740,755,750,774,928
32216,-0.85,0.79,-1.53,745,752,754,773,926
32236,-0.92,0.06,-0.79,745,754,756,774,927
32256,-0.37,-0.12,0.18,743,754,756,778,925
32276,-0.24,-0.55,2.50,742,752,753,779,919
32296,-0.55,-1.95,2.81,738,754,759,781,916
32316,-0.92,-0.55,0.67,743,758,755,780,909
32336,-0.49,0.00,0.12,744,753,752,780,904
32356,-0.85,0.55,-0.98,744,753,751,773,908
32376,-0.85,0.55,-1.59,743,753,751,783,899
32396,-0.79,2.69,-1.77,743,756,750,780,885
32416,-1.04,-0.55,-1.83,745,752,755,778,882
32436,-0.55,0.92,-2.75,745,756,755,778,866
32456,-0.98,3.72,-5.98,746,752,752,772,863
32476,-0.85,4.58,-8.48,744,759,755,778,851
32496,-0.31,3.17,-8.18,742,750,755,774,855
32516,5.31,-8.73,-4.15,742,755,759,779,848
32536,11.35,-14.83,-7.20,744,756,752,776,848
32556,9.40,-15.50,-9.95,744,759,756,780,855
32576,7.57,-7.02,3.05,744,756,754,779,833
32596,-0.49,-12.57,6.96,738,757,755,776,831
32616,6.16,12.21,-20.26,740,746,757,781,833
32636,9.70,-5.00,-8.79,744,749,753,767,832
32656,-5.37,-6.77,-7.75,743,753,753,779,833
32676,-2.75,-2.14,-2.87,746,756,756,778,835
32696,-0.67,-0.92,0.31,743,766,751,771,831
32716,0.12,-0.67,3.78,740,757,756,780,832
32736,0.61,-1.95,3.48,742,756,752,780,834
32756,1.71,-2.32,3.91,743,752,757,777,838
32776,0.18,-3.30,0.98,744,753,758,779,840
32796,-1.10,-0.06,-0.55,746,754,752,775,844
32816,2.87,2.69,-5.49,743,753,756,780,849
32836,2.14,1.59,-2.87,742,753,757,773,851
32856,-1.59,-0.12,-5.92,746,750,755,777,861
32876,-2.38,0.73,-8.24,744,749,756,775,865
32896,-2.26,1.53,-7.26,744,750,758,772,877
32916,-1.83,1.04,-3.17,744,759,756,779,885
32936,-1.71,3.23,-4.03,744,759,754,782,885
32956,-2.32,-0.43,-3.30,744,759,755,786,886
32976,-3.11,-0.49,-4.64,746,751,758,781,897
32996,-2.62,0.92,-6.04,740,748,751,777,900
33016,-1.28,-1.89,-1.59,744,766,757,775,909
33036,-0.79,-0.24,-1.16,742,757,754,773,914
33056,-1.40,1.53,-0.92,739,751,752,773,916
33076,-3.36,-1.16,-1.34,745,748,759,773,917
33096,-4.27,-2.93,-0.43,744,753,759,779,924
33116,-2.38,-1.59,-6.84,740,750,759,779,920
33136,-3.05,-6.23,-6.29,743,752,756,779,928
33156,-4.82,-4.76,-5.43,743,756,752,773,928
33176,-2.87,-4.27,-7.51,738,758,756,782,930
33196,-1.28,-0.06,-2.87,747,752,753,776,928
33216,-0.61,1.04,3.91,744,752,759,779,928
33236,0.49,-5.43,4.64,744,753,754,782,927
33256,-0.31,-1.16,0.49,746,756,755,777,926
33276,0.37,-2.87,4.58,739,758,756,779,926
33296,0.12,-1.95,5.62,743,754,750,776,923
33316,-0.31,-0.18,2.69,741,758,757,780,925
33336,-1.28,-1.04,-0.73,744,754,755,773,924
33356,-1.65,-2.08,-3.30,743,756,755,777,921
33376,-1.53,-3.54,-2.20,745,755,754,781,920
33396,-0.79,-3.48,-2.62,744,752,756,781,913
33416,-1.59,-0.92,-2.99,744,752,756,778,915
33436,-1.95,0.92,-3.66,744,755,756,779,910
33456,-2.75,2.44,-4.46,741,752,750,775,908
33476,-2.14,-0.55,5.80,743,754,758,783,910
33496,-3.97,5.13,-13.49,741,748,758,777,903
33516,1.83,-2.56,17.40,744,753,759,782,899
33536,-0.55,3.05,-1.83,742,751,753,775,896
33556,1.46,-10.38,10.07,744,755,757,781,890
33576,-0.98,2.38,-10.56,744,754,751,782,886
33596,10.07,-2.32,2.44,745,754,754,781,893
33616,13.06,-9.34,3.60,742,758,757,774,889
33636,11.29,-3.60,3.42,744,753,758,778,896
33656,15.75,-4.52,5.31,741,757,757,778,894
33676,12.76,-4.15,7.14,743,754,754,773,901
33696,8.73,-3.72,2.14,741,754,759,778,899
33716,5.92,-2.26,-4.64,745,757,755,781,907
33736,6.96,-7.51,-0.79,740,756,757,774,908
33756,6.71,-3.97,-7.51,742,757,759,777,907
33776,2.44,-2.26,-5.49,743,757,755,779,910
33796,-2.62,2.56,-4.33,747,747,753,780,912
33816,-5.55,3.23,-2.44,742,758,769,779,916
33836,-7.93,1.16,-2.08,744,770,752,777,915
33856,-5.55,0.00,-1.65,740,759,756,778,919
33876,-1.71,-1.53,-0.18,745,758,753,778,923
33896,-0.55,-3.05,1.28,743,753,751,777,914
33916,-0.31,-1.95,-0.49,745,754,751,776,910
33936,0.31,-2.81,-0.55,746,757,751,781,913
33956,5.74,-2.01,-3.48,743,748,759,779,898
33976,2.87,-0.18,-7.51,745,755,754,779,822
33996,-0.67,3.66,2.62,741,759,756,775,833
34016,2.87,-4.09,6.35,740,753,760,776,830
34036,-0.85,6.65,0.98,740,760,754,777,826
34056,0.73,-5.49,5.25,738,758,756,781,824
34076,0.61,-1.95,1.10,740,755,759,778,827
34096,7.26,-1.16,-1.46,746,749,755,780,830
34116,11.41,-0.92,-0.12,744,752,755,774,824
34136,7.02,-0.67,2.08,745,753,759,779,823
34156,6.59,-4.58,5.68,739,758,754,780,818
34176,6.29,-1.04,-1.59,743,756,754,773,821
34196,11.84,-4.21,12.27,739,752,757,777,824
34216,11.96,-8.24,7.69,740,747,758,779,824
34236,13.24,7.93,-0.85,743,754,758,778,821
34256,5.86,-0.31,17.70,744,752,759,778,817
34276,-4.03,-1.04,18.86,742,753,751,768,821
34296,-9.28,-4.88,8.54,746,751,752,775,819
34316,-6.96,-1.59,-3.85,739,754,758,776,823
34336,-0.67,-6.16,-2.93,744,755,756,774,814
34356,-6.10,-1.59,-5.92,744,754,751,769,822
34376,-5.92,0.24,-2.38,744,754,756,773,817
34396,0.00,-2.44,4.82,740,754,756,772,816
34416,1.53,0.31,5.86,744,752,759,775,819
34436,2.32,0.79,2.99,744,753,751,771,821
34456,-3.85,-1.65,-1.71,743,753,751,772,819
34476,-7.32,-4.70,-0.49,744,747,757,772,820
34496,-4.09,-0.67,-1.28,741,757,757,778,822
34516,-1.16,2.01,-0.49,745,759,755,778,821
34536,-0.55,-0.73,3.72,742,752,753,773,823
34556,-0.73,3.48,1.65,744,753,759,779,819
34576,-0.37,-0.31,1.04,746,753,755,777,844
34596,1.59,2.93,0.92,743,755,755,780,806
34616,-0.12,-1.77,1.89,744,750,756,773,819
34636,-1.83,-2.99,0.37,745,755,755,779,819
34656,-3.36,0.67,-6.35,742,757,751,778,819
34676,-0.43,-2.75,-1.46,741,748,756,788,818
34696,-1.53,1.22,-3.78,741,752,757,784,820
34716,0.00,-6.59,1.22,744,752,753,786,824
34736,9.03,1.16,-10.31,743,749,759,784,822
34756,22.89,-3.17,-8.85,746,755,757,776,825
34776,15.44,-4.09,-6.47,745,756,755,781,833
34796,0.98,0.73,-7.08,745,753,757,778,824
34816,-3.78,-4.64,6.96,744,753,755,784,821
34836,-12.33,0.61,-11.84,743,759,750,790,823
34856,-13.73,-13.24,7.20,745,753,755,794,818
34876,-14.47,-1.46,-11.35,741,750,759,795,820
34896,-9.95,-1.59,-8.00,742,746,756,797,824
34916,-4.82,0.92,-5.07,741,752,759,795,824
34936,-1.04,-4.03,-4.64,745,753,750,792,823
34956,-0.37,-0.24,1.46,744,753,759,797,825
34976,8.24,7.14,-0.18,740,749,752,805,818
34996,12.51,3.11,-5.13,745,759,757,821,823
35016,4.58,-1.53,-19.41,744,753,751,843,830
35036,6.47,-3.97,-14.95,740,751,758,854,826
35056,1.22,-2.93,-11.11,744,754,756,871,825
35076,-1.95,1.65,-4.94,744,753,755,886,824
35096,-2.93,5.19,-2.62,737,759,756,900,827
35116,-9.22,-5.49,0.55,742,759,756,906,827
35136,-6.53,2.75,-6.90,741,760,756,908,827
35156,-1.71,-0.24,-1.04,747,751,756,914,825
35176,-1.10,3.11,-2.08,744,754,759,916,823
35196,-2.50,2.08,-3.30,743,758,756,921,822
35216,-1.77,-0.37,-2.75,739,748,756,930,828
35236,-0.31,-3.60,1.83,745,759,755,932,823
35256,-0.85,0.18,-1.28,740,753,756,937,838
35276,-0.43,0.31,1.22,743,759,758,939,829
35296,-0.37,0.00,-1.95,740,759,765,936,820
35316,0.18,-5.00,3.91,745,757,756,940,823
35336,2.62,2.99,1.16,744,753,755,945,813
35356,6.77,-1.34,2.62,746,753,756,941,822
35376,2.56,-0.06,1.83,745,759,756,946,820
35396,-0.49,-2.38,1.53,743,759,755,949,819
35416,-0.67,0.18,-0.73,743,753,755,947,823
35436,0.37,-2.62,4.76,745,747,757,948,826
35456,0.12,-3.66,5.49,743,754,753,950,824
35476,2.81,2.87,-1.59,744,750,760,946,823
35496,-0.18,-2.62,0.61,743,753,756,942,820
35516,-0.92,-1.77,-0.98,745,753,755,944,822
35536,-0.61,-1.95,0.06,742,751,759,936,825
35556,-0.79,-1.46,1.71,745,752,759,929,818
35576,-1.59,2.75,-2.20,743,753,757,916,823
35596,-2.56,-4.09,0.67,741,752,759,895,822
35616,-6.16,-1.10,-3.05,744,750,756,872,821
35636,0.06,-3.23,0.06,743,749,752,860,815
35656,1.83,-2.99,6.65,743,753,756,837,822
35676,12.39,2.93,1.04,743,759,759,818,820
35696,19.65,1.16,-8.24,742,758,754,796,822
35716,18.98,-10.13,-11.29,743,756,753,795,821
35736,20.81,-10.25,-12.21,741,749,759,793,814
35756,7.39,-8.54,0.06,742,759,755,788,817
35776,0.73,-3.17,7.14,742,750,759,786,823
35796,0.98,-2.26,5.86,745,754,754,777,821
35816,3.48,-3.17,-16.54,743,751,757,778,821
35836,6.41,-0.49,-22.71,742,757,755,781,819
35856,8.24,-7.20,-20.14,743,757,759,782,821
35876,-0.98,-7.32,-16.78,744,752,758,779,819
35896,-8.91,3.66,-34.79,742,758,759,782,825
35916,-9.83,2.38,-6.65,745,757,758,784,814
35936,-4.88,-27.95,42.91,739,748,752,785,817
35956,4.03,-3.91,18.55,744,756,760,788,818
35976,10.01,0.98,16.42,744,748,750,782,818
35996,5.55,-0.49,5.00,744,753,756,779,817
36016,-1.16,0.85,-4.27,745,751,758,788,815
36036,-3.60,-3.60,0.67,743,753,753,786,815
36056,-0.55,-3.85,2.08,743,757,756,780,817
36076,-0.73,0.00,1.28,746,757,757,783,817
36096,-2.50,4.88,-8.61,744,753,758,788,816
36116,-2.50,5.19,-9.09,744,757,753,788,815
36136,-2.93,-8.42,4.03,739,757,759,784,813
36156,-5.43,-1.16,1.53,742,759,755,787,813
36176,-0.18,-4.33,2.14,746,754,752,783,816
36196,1.89,1.65,0.00,741,755,755,779,819
36216,7.14,-0.06,0.18,746,756,755,777,811
36236,8.12,-0.43,1.28,745,758,756,778,816
36256,8.85,-2.20,6.47,745,754,755,781,817
36276,6.04,0.73,3.11,743,753,753,774,818
36296,5.92,-3.11,6.29,741,753,756,780,814
36316,3.05,-2.38,4.15,745,754,752,781,814
36336,2.20,-1.89,3.66,739,751,754,778,813
36356,0.18,-0.12,2.50,745,760,759,777,813
36376,0.00,-0.43,0.55,743,755,756,776,817
36396,2.75,-0.06,-0.06,744,760,757,772,809
36416,1.16,-0.06,-0.98,743,753,759,775,820
36436,-1.65,1.95,-6.71,744,757,755,772,818
36456,-1.22,3.30,-4.39,744,748,759,772,819
36476,-0.43,-0.61,0.12,742,750,755,774,812
36496,1.34,-6.16,2.26,743,754,755,768,816
36516,9.22,-2.75,-0.24,746,760,758,774,812
36536,12.08,-2.50,-2.08,744,749,757,775,815
36556,6.96,-2.87,-7.14,746,759,756,776,813
36576,-0.67,2.99,-5.13,744,756,756,774,816
36596,-1.22,0.61,-7.02,746,751,759,774,810
36616,-0.73,-1.95,0.55,744,748,756,770,815
36636,0.00,-2.56,4.64,746,753,759,775,813
36656,-0.79,1.34,0.24,739,753,753,775,812
36676,-1.28,0.73,-4.94,741,745,756,779,814
36696,-0.79,0.00,-5.86,745,754,752,773,813
36716,-0.06,-1.65,-4.88,744,750,757,771,816
36736,-1.95,-0.98,-12.08,740,759,756,773,806
36756,-3.78,3.42,-17.52,746,754,755,771,815
36776,-3.91,1.16,-10.93,744,755,755,772,811
36796,-3.54,6.65,-12.33,740,757,754,774,813
36816,-2.50,3.05,-6.16,743,755,757,773,813
36836,-1.65,3.72,-7.14,737,747,758,777,815
36856,-2.26,2.69,-8.73,743,756,750,776,817
36876,-1.28,1.04,-8.79,744,754,759,772,817
36896,-1.95,5.25,-8.97,744,756,756,771,815
36916,0.85,-6.65,4.46,744,753,759,772,816
36936,0.06,-0.85,2.50,743,748,753,774,815
36956,-0.18,-2.75,5.13,744,752,751,774,818
36976,-0.37,0.61,2.32,743,746,759,771,822
36996,-0.98,6.71,-4.52,744,759,755,772,823
37016,-1.53,-6.90,8.12,741,748,757,772,825
37036,-9.52,-0.98,0.06,741,760,763,765,827
37056,-11.66,1.89,-1.71,744,751,765,768,825
37076,-3.05,4.64,-7.39,744,754,757,771,830
37096,1.28,5.55,-0.92,745,751,757,768,830
37116,-0.49,-0.06,-0.18,745,760,764,765,829
37136,-6.04,-7.57,3.17,743,760,768,766,824
37156,-4.21,-3.91,-4.03,744,757,766,763,827
37176,-0.67,-3.66,-10.44,743,754,760,760,825
37196,5.07,4.76,-5.68,743,760,765,768,820
37216,7.57,-1.04,7.81,741,752,765,768,818
37236,9.03,19.23,-7.87,743,758,766,775,824
37256,7.57,4.52,-1.46,741,760,763,781,822
37276,1.77,-3.91,-0.24,746,754,763,781,825
37296,1.53,-6.47,0.12,739,763,757,784,819
37316,0.18,0.67,-6.29,739,749,764,789,820
37336,-15.63,-0.67,1.65,740,749,765,790,822
37356,-0.67,3.78,2.44,737,755,773,785,823
37376,-1.46,2.14,-2.87,743,753,763,786,826
37396,-1.59,2.56,-4.21,740,751,758,782,826
37416,-0.98,0.67,-0.24,742,748,767,781,823
37436,-0.49,0.67,1.59,742,754,763,782,825
37456,-0.55,1.59,1.40,744,772,760,774,823
37476,-0.61,-0.85,1.83,743,755,766,776,830
37496,-1.22,9.16,-9.46,739,752,762,778,827
37516,0.12,2.69,0.31,743,754,762,775,825
37536,-1.77,6.29,-0.92,739,760,761,774,834
37556,-1.22,2.75,-0.12,742,754,765,775,829
37576,-1.65,5.25,-4.64,743,754,765,770,825
37596,-0.12,1.16,-2.87,745,757,760,765,825
37616,0.67,3.97,-8.67,744,758,766,773,820
37636,-0.61,0.79,-4.76,745,755,765,772,823
37656,-0.67,-2.93,5.74,743,750,767,767,822
37676,-2.69,-1.40,4.39,740,760,764,762,820
37696,-1.04,2.08,0.49,745,754,766,761,818
37716,-1.77,-1.04,-3.54,744,753,759,762,823
37736,-2.56,14.34,-20.20,743,750,763,758,825
37756,0.24,-9.89,5.92,745,753,760,759,822
37776,-1.77,4.58,-3.60,744,755,763,760,824
37796,-0.31,2.50,3.42,745,753,762,762,824
37816,-0.73,4.21,-0.06,745,757,763,760,822
37836,-1.46,6.10,-8.00,738,759,764,756,817
37856,5.49,8.54,-10.13,745,753,767,759,830
37876,8.48,5.74,2.62,743,759,764,760,828
37896,-0.49,-7.20,17.58,744,753,760,757,825
37916,-2.08,1.83,-6.23,740,759,766,759,818
37936,-1.59,-8.42,6.41,743,748,764,759,821
37956,-3.36,-2.08,-3.23,742,753,762,763,837
37976,-0.31,-6.04,2.50,744,754,764,765,820
37996,-2.32,8.12,-5.74,745,755,761,766,820
38016,-1.16,0.55,5.19,744,754,757,765,824
38036,-4.58,5.74,-9.52,740,757,763,764,820
38056,-4.76,8.67,-24.35,745,754,757,775,824
38076,-3.30,13.67,-34.30,745,755,765,776,813
38096,-4.70,-2.20,-0.31,745,748,764,772,814
38116,-5.13,-22.46,25.09,742,754,762,776,815
38136,-10.01,-27.53,-3.30,744,754,761,785,811
38156,-1.04,-10.13,1.40,744,749,765,794,814
38176,-1.04,-0.61,-0.79,745,755,761,811,810
38196,1.04,0.37,4.52,740,759,762,818,820
38216,-0.31,2.50,5.92,743,752,759,828,813
38236,-4.64,-21.30,14.71,743,754,760,826,812
38256,-16.91,6.84,-21.42,745,754,760,830,815
38276,-5.98,2.99,-8.24,742,754,761,830,821
38296,0.37,7.26,0.24,746,760,759,845,821
38316,9.03,12.51,7.81,745,764,758,847,820
38336,12.15,5.86,-2.14,746,751,758,855,817
38356,-0.06,0.61,-0.61,744,750,757,868,817
38376,-3.48,-1.04,-2.62,746,758,758,870,815
38396,-6.29,-0.92,-2.93,735,753,755,887,816
38416,-4.39,-1.65,-0.24,738,751,756,896,819
38436,-2.56,-2.38,1.59,739,750,758,907,820
38456,-1.04,-1.28,-3.66,745,754,758,909,822
38476,-0.12,-4.39,2.75,741,753,762,917,815
38496,-0.18,0.18,1.77,743,755,755,923,819
38516,0.31,-1.16,1.77,745,759,757,923,819
38536,-1.28,0.73,-1.65,743,754,761,930,815
38556,-0.85,-1.16,-0.31,744,750,762,950,816
38576,-0.92,-2.93,1.59,744,755,754,937,816
38596,-1.16,-5.74,7.20,744,754,754,942,823
38616,-0.79,0.73,0.31,742,750,761,945,819
38636,-0.31,-2.56,3.17,741,754,759,942,818
38656,-0.61,-1.34,2.56,742,754,756,943,820
38676,-0.49,-2.99,2.32,739,760,759,946,817
38696,-0.18,-0.92,2.62,742,756,758,930,821
38716,-0.92,-1.95,1.28,746,755,758,918,819
38736,-3.54,-2.14,-2.81,744,760,757,912,817
38756,-1.71,2.32,-1.22,746,747,757,901,818
38776,2.08,8.18,-2.01,742,758,758,894,820
38796,5.43,3.23,0.37,744,755,755,890,815
38816,1.95,1.10,0.06,739,759,758,877,820
38836,0.18,-3.11,2.50,741,759,759,886,822
38856,-1.22,3.30,-4.58,741,760,757,906,842
38876,-2.20,1.10,-3.17,745,756,754,921,820
38896,-1.59,1.71,-3.97,745,758,756,930,820
38916,-1.40,-0.06,-0.31,746,756,751,933,820
38936,-0.43,-0.92,-0.06,743,748,754,933,821
38956,-1.46,-7.08,3.17,744,758,761,934,816
38976,-3.48,-1.28,-1.95,739,755,754,932,819
38996,-2.38,-5.55,1.10,739,751,755,929,821
39016,-8.24,-3.48,0.55,745,755,757,915,819
39036,-3.54,-1.16,-2.87,747,759,753,900,818
39056,-1.59,1.59,-4.64,745,759,756,893,817
39076,-0.37,-2.38,1.46,746,759,757,872,820
39096,0.31,0.49,4.39,745,753,758,870,817
39116,9.40,4.88,5.37,745,753,755,872,822
39136,10.80,5.62,1.77,740,758,759,873,816
39156,6.90,-0.06,5.25,741,759,758,863,821
39176,3.48,-8.36,6.90,743,753,760,861,818
39196,4.52,-6.04,0.37,745,752,755,860,825
39216,8.00,4.58,-8.36,745,759,755,856,817
39236,14.22,4.58,-5.49,741,751,760,851,819
39256,12.63,-4.39,-3.05,745,754,761,855,817
39276,14.65,-10.25,-5.19,747,754,755,860,818
39296,15.08,-10.13,-15.38,742,750,754,868,818
39316,13.49,-12.82,-17.15,746,759,758,868,820
39336,20.75,-2.32,-20.57,742,755,757,879,815
39356,24.41,-6.84,-9.89,740,751,752,880,820
39376,19.23,-10.99,-5.74,743,756,751,889,818
39396,19.10,-17.52,-3.66,745,747,760,900,817
39416,18.49,-11.96,-16.91,741,756,756,898,814
39436,23.07,-15.93,-21.55,744,751,757,906,818
39456,20.45,-14.65,-13.37,740,759,757,912,819
39476,16.85,-0.12,-4.39,742,748,761,915,833
39496,8.24,-9.77,-3.05,743,753,760,922,820
39516,-1.22,-1.28,-1.65,745,754,758,915,819
39536,-0.61,2.20,1.65,743,748,759,919,817
39556,-1.10,6.16,-2.75,738,759,757,919,821
39576,-0.67,5.62,-2.20,739,754,761,921,818
39596,-0.37,-1.28,-2.08,744,755,754,928,817
39616,5.19,-2.99,-5.00,743,754,756,925,814
39636,9.09,-7.08,-9.95,744,753,759,930,816
39656,9.46,-8.97,-16.30,739,758,760,928,822
39676,3.66,-13.31,-10.68,743,759,752,932,826
39696,-1.83,-0.37,-8.24,739,755,757,928,816
39716,-1.53,5.49,-0.98,741,759,756,928,820
39736,-0.43,-1.16,2.50,739,748,760,931,822
39756,-1.83,-0.85,-3.54,742,754,765,937,822
39776,-2.20,-2.99,-2.56,739,754,760,938,820
39796,-1.59,-1.65,-0.92,744,759,759,940,820
39816,-3.78,-7.45,2.32,745,754,758,945,833
39836,-3.60,-5.07,5.37,741,756,758,949,815
39856,0.18,-0.12,-0.24,744,748,760,948,816
39876,-1.83,-1.89,3.97,739,752,753,951,818
39896,-6.04,-0.24,4.94,745,759,758,953,816
39916,-3.60,-1.34,4.82,744,751,759,946,813
39936,-2.08,-5.55,6.16,743,750,757,952,818
39956,-2.26,0.24,2.01,745,755,762,949,814
39976,-1.16,-1.46,3.91,744,753,757,948,821
39996,-0.24,-4.70,2.44,745,755,759,941,817
40016,-1.65,-1.28,4.70,743,755,756,937,817
40036,-0.18,-6.41,5.92,741,748,758,936,817
40056,-0.37,-6.90,6.71,745,751,758,920,815
40076,-0.49,-5.92,5.00,739,757,758,904,816
40096,-0.12,-1.71,2.50,743,755,759,887,815
40116,0.92,2.32,-3.54,743,756,755,839,811
40136,4.70,-1.40,-0.12,743,755,751,814,815
40156,4.15,3.78,-0.98,739,755,756,803,819
40176,-0.37,6.10,-1.22,742,755,752,799,815
40196,-1.34,-1.77,2.56,744,757,752,797,815
40216,-0.31,-4.46,3.60,741,757,756,796,822
40236,-0.43,-2.93,0.37,743,753,755,791,814
40256,-1.28,-8.18,1.10,740,749,759,796,816
40276,-0.92,-4.76,-4.88,745,753,754,797,816
40296,0.18,-1.83,5.49,743,754,755,795,817
40316,1.34,-4.58,9.40,745,753,755,796,821
40336,1.71,-0.92,8.48,744,758,757,792,816
40356,2.32,0.06,8.48,743,752,758,792,811
40376,3.36,-11.11,13.55,746,754,765,797,813
40396,0.00,-11.17,5.13,745,753,760,796,813
40416,-1.95,-5.55,-5.25,743,750,769,792,812
40436,2.69,-12.70,0.12,744,759,778,793,812
40456,3.91,21.48,-19.53,742,754,782,795,814
40476,11.11,-9.64,19.90,743,754,783,798,811
40496,4.21,-6.84,15.32,743,753,787,792,815
40516,-1.71,12.70,-14.22,744,756,797,795,815
40536,-6.41,7.69,15.81,741,759,794,790,816
40556,-11.66,-3.48,2.69,743,757,808,798,809
40576,-27.40,0.98,-20.39,744,755,796,793,813
40596,-8.06,-8.30,8.00,742,759,787,799,812
40616,-2.20,9.83,-0.31,745,753,793,791,815
40636,-6.59,-5.37,9.70,744,755,797,788,809
40656,-8.00,1.04,7.69,740,759,800,784,816
40676,-3.36,2.69,3.72,742,759,804,782,810
40696,0.12,2.38,3.66,744,756,808,777,808
40716,-5.74,7.02,-2.99,746,755,810,775,820
40736,-2.75,-8.54,6.90,744,756,812,771,815
40756,-0.61,4.76,0.37,742,750,818,774,816
40776,-2.26,2.44,-1.89,744,755,810,766,811
40796,-3.17,3.66,-2.20,740,757,819,764,816
40816,1.04,-2.75,1.04,742,757,823,764,809
40836,3.72,-4.82,-1.28,743,751,820,776,813
40856,-0.06,6.65,3.78,743,751,816,790,815
40876,-0.12,-3.91,-1.46,743,754,817,791,810
40896,0.18,-2.99,-0.37,745,755,817,787,815
40916,-1.16,10.07,-1.59,738,755,814,791,814
40936,-0.67,-3.78,5.25,740,759,818,790,815
40956,-4.70,2.87,1.04,740,760,824,785,816
40976,-4.64,-7.63,7.57,739,759,827,787,809
40996,-1.77,-5.00,1.89,738,753,828,790,809
41016,-0.55,-2.99,1.89,740,753,827,788,818
41036,-0.61,-1.77,1.16,743,758,826,784,813
41056,-1.16,3.23,-0.98,745,754,848,786,815
41076,-1.95,-0.37,3.17,745,755,838,791,809
41096,-3.30,4.94,-5.00,743,757,845,786,815
41116,-2.20,-2.08,-1.22,745,756,864,788,814
41136,-2.56,0.61,-1.95,745,755,871,793,813
41156,-0.49,-2.69,-3.11,744,754,878,794,812
41176,-0.31,-5.19,1.53,744,754,885,796,813
41196,-0.31,-0.49,1.04,744,752,896,794,812
41216,-0.43,-2.01,1.83,744,748,898,797,813
41236,-1.04,0.98,1.10,744,756,903,794,809
41256,-2.87,-8.97,4.46,747,754,903,792,813
41276,-4.94,-0.67,2.99,740,758,907,796,815
41296,-0.49,-3.78,1.16,745,751,907,800,811
41316,-0.67,0.37,-0.49,745,760,904,798,812
41336,-1.77,-1.28,2.69,741,748,902,791,812
41356,-2.14,-1.04,1.04,742,753,898,798,815
41376,-3.42,-0.18,2.01,745,759,893,789,813
41396,-1.65,-3.85,2.75,746,759,888,787,816
41416,-0.98,1.95,-2.26,746,760,878,795,811
41436,-1.40,-0.79,1.95,754,754,868,786,812
41456,-0.79,-0.79,0.43,745,750,862,789,818
41476,-0.06,-2.93,2.01,746,755,843,792,809
41496,0.31,-2.75,1.34,741,757,837,785,814
41516,1.89,6.35,-8.48,743,755,821,788,811
41536,7.14,6.41,-7.57,744,755,820,791,812
41556,9.70,-0.79,-5.19,744,755,816,791,813
41576,7.39,8.00,-9.77,742,754,821,788,811
41596,7.75,9.89,-11.60,745,748,827,789,812
41616,9.70,-11.90,-6.35,745,752,843,791,814
41636,19.71,-12.15,-3.72,745,755,837,788,810
41656,16.05,-8.42,-7.14,742,755,844,790,813
41676,14.71,-4.64,-10.56,745,754,846,790,812
41696,14.71,-4.15,-12.63,737,759,849,790,814
41716,14.71,-8.42,-7.75,746,755,853,788,815
41736,12.70,-8.36,-7.39,742,755,853,784,813
41756,12.45,-1.77,-10.50,744,747,865,790,812
41776,11.72,-1.83,-8.54,743,758,867,783,815
41796,8.30,-8.18,-4.21,744,753,873,787,815
41816,1.77,-9.52,0.85,741,754,877,787,816
41836,1.04,6.29,-3.60,745,755,877,785,813
41856,-0.31,2.99,-1.22,741,753,878,791,814
41876,-1.40,-2.99,2.56,744,756,879,784,812
41896,-4.64,-6.04,6.47,745,754,872,791,812
41916,-9.83,-9.70,11.05,745,755,882,790,814
41936,-12.02,-5.13,10.80,742,760,880,787,817
41956,-8.91,6.10,0.98,746,755,883,783,812
41976,-6.29,-1.53,3.85,743,755,884,786,813
41996,-5.55,1.10,3.05,742,759,891,784,825
42016,-5.55,-4.94,4.76,747,758,895,784,816
42036,-7.57,-2.99,4.70,743,750,895,787,814
42056,-6.71,-4.27,6.65,742,750,897,788,814
42076,-6.71,0.85,5.13,742,754,888,781,813
42096,-6.10,0.37,5.62,746,755,879,787,813
42116,-3.66,-7.14,7.39,740,753,858,787,810
42136,-0.49,-6.04,1.10,738,751,817,785,812
42156,-1.71,-1.95,-1.77,743,748,798,784,812
42176,-1.95,-3.36,4.33,746,749,787,789,810
42196,-1.28,4.94,-2.38,739,748,786,777,813
42216,-1.22,4.52,-3.11,746,755,769,786,811
42236,-1.04,1.10,-0.06,745,756,767,789,815
42256,-0.73,-0.85,2.69,740,754,768,791,812
42276,-0.24,-4.52,2.87,746,748,757,784,812
42296,-0.24,-2.69,2.93,745,753,759,789,815
42316,-0.43,-3.36,2.99,745,754,762,784,808
42336,-0.49,-0.49,1.59,742,758,761,790,808
42356,-0.18,-2.69,1.46,745,754,764,781,815
42376,-0.61,2.32,-0.55,744,747,765,790,813
42396,-0.79,1.65,-0.24,746,753,763,782,812
42416,-1.53,-0.73,-0.18,744,752,767,786,817
42436,-0.24,1.40,1.77,744,750,766,783,812
42456,-1.10,1.10,-0.73,741,753,765,789,810
42476,-2.01,5.00,0.61,745,745,762,785,812
42496,-0.06,-0.31,4.46,739,753,764,787,812
42516,0.06,5.80,-2.87,742,746,765,784,814
42536,1.40,3.78,-2.56,743,749,764,786,808
42556,0.37,2.81,-1.89,741,750,760,782,814
42576,0.49,7.02,-4.33,743,740,760,787,813
42596,2.87,18.01,-6.41,744,748,760,791,815
42616,2.81,12.39,0.61,741,752,776,790,815
42636,-1.16,-0.55,3.66,745,750,759,795,811
42656,1.22,-5.31,-0.79,744,757,766,794,817
42676,0.12,7.63,-0.37,746,757,760,784,818
42696,1.53,-0.79,-4.52,745,754,765,795,821
42716,-0.24,1.28,-0.85,740,773,760,797,817
42736,-0.85,-2.38,3.78,746,776,759,788,815
42756,0.92,-1.22,2.26,745,781,766,792,815
42776,-0.79,-4.03,3.91,746,797,763,787,813
42796,-0.43,10.80,0.43,744,796,765,790,815
42816,-0.43,2.20,0.00,741,815,764,788,816
42836,-0.67,7.57,-6.16,741,822,765,791,817
42856,-0.37,2.93,-2.14,742,836,760,788,813
42876,-1.89,3.85,-3.91,739,840,761,790,815
42896,-6.84,3.11,0.79,745,843,766,791,817
42916,-13.12,6.53,3.54,747,861,759,791,817
42936,-8.30,11.60,-8.91,741,879,760,794,814
42956,-4.33,11.60,-3.78,741,885,765,793,816
42976,-8.61,10.86,-4.09,746,889,761,790,815
42996,-14.71,6.16,5.74,744,897,763,792,813
43016,-14.65,7.75,3.36,745,895,766,797,815
43036,-8.79,4.03,4.88,745,891,758,796,812
43056,-4.39,-1.04,6.77,746,887,763,795,812
43076,0.61,-13.73,8.73,743,881,763,789,816
43096,0.18,-12.82,5.07,746,875,760,798,813
43116,-0.06,-3.97,3.05,745,875,765,795,821
43136,-2.44,0.18,0.37,744,873,761,793,818
43156,-2.69,-3.30,-0.98,745,879,760,797,814
43176,-0.49,1.10,-5.00,746,875,758,794,831
43196,2.93,1.22,-3.11,740,881,761,798,809
43216,14.95,4.33,-14.34,745,872,763,796,816
43236,20.51,-6.59,-9.46,745,881,764,795,810
43256,19.90,-7.63,-9.58,739,889,760,798,810
43276,17.88,8.61,-16.91,743,891,762,789,814
43296,15.20,-1.22,-13.24,743,885,765,794,812
43316,15.50,-3.97,-8.18,746,894,761,797,811
43336,15.81,-6.84,-8.18,747,892,765,790,817
43356,18.43,-20.75,0.43,744,894,758,796,814
43376,14.89,-23.68,0.43,746,914,759,785,814
43396,5.00,-9.46,-0.49,741,894,763,790,834
43416,-0.61,5.92,0.18,746,897,760,789,817
43436,-0.98,2.44,0.49,746,899,757,791,811
43456,-0.12,-8.00,5.92,741,896,762,805,810
43476,-6.77,-1.10,5.00,744,891,763,788,811
43496,-14.40,2.93,8.97,744,890,765,794,815
43516,-23.25,18.55,3.42,740,888,761,787,817
43536,-28.02,18.92,7.45,746,878,764,792,814
43556,-26.49,8.42,14.04,740,877,760,797,816
43576,-15.93,6.77,6.90,746,886,757,796,818
43596,-7.69,4.70,1.40,743,885,761,792,816
43616,-5.31,2.14,1.10,747,886,764,793,816
43636,-3.72,-1.46,3.48,742,897,759,795,842
43656,-2.14,-6.90,5.74,746,898,765,793,813
43676,-2.75,-6.23,5.80,746,893,758,795,816
43696,-1.16,-1.65,1.65,744,883,762,790,813
43716,0.06,-7.02,3.78,747,845,764,791,815
43736,-0.37,-4.03,-4.94,746,806,762,797,818
43756,-4.15,3.85,-7.57,745,763,760,794,815
43776,-0.85,-8.54,-0.18,747,760,763,795,817
43796,2.99,4.52,-7.02,745,761,768,797,816
43816,4.58,6.59,-6.71,745,766,761,798,812
43836,8.06,14.22,-10.99,745,758,763,792,815
43856,5.07,-1.65,-1.22,740,765,761,794,815
43876,0.24,-1.77,2.38,745,762,762,794,816
43896,0.06,-1.59,2.62,745,767,762,796,816
43916,-0.31,1.28,1.10,741,763,761,791,814
43936,-0.67,3.42,-1.28,746,761,757,795,813
43956,-0.67,10.50,-3.78,741,758,764,797,817
43976,-0.18,4.58,-1.16,741,762,758,797,813
43996,0.73,-16.60,9.46,745,766,761,792,812
44016,-0.67,-15.99,7.45,742,765,757,797,813
44036,-1.40,-2.26,0.92,743,759,765,791,815
44056,-0.31,7.69,-7.63,746,756,761,793,815
44076,5.07,22.03,-13.55,743,764,761,793,816
44096,8.00,-11.96,4.94,748,763,761,787,814
44116,1.83,-21.79,12.94,748,764,758,793,812
44136,2.32,-41.63,16.91,745,758,765,793,815
44156,1.40,-47.06,20.45,749,759,764,793,810
44176,-0.73,-5.68,2.20,744,757,766,793,816
44196,3.11,7.57,2.50,747,758,763,794,814
44216,1.22,0.92,1.53,748,755,762,792,819
44236,-0.55,-15.81,7.93,746,753,765,792,809
44256,-0.24,-12.08,1.53,746,758,761,792,809
44276,-0.24,-13.00,-0.73,745,757,759,794,813
44296,-1.77,3.78,-2.50,747,758,762,797,814
44316,-1.40,6.71,-2.14,741,763,758,796,814
44336,0.55,-6.77,3.72,743,757,762,792,813
44356,1.40,-10.31,8.24,745,758,760,792,816
44376,11.35,29.36,-12.45,742,752,764,792,813
44396,16.24,30.33,-13.98,742,751,762,787,811
44416,15.01,-12.39,-4.33,738,751,762,792,808
44436,9.22,-52.12,15.56,739,756,765,790,818
44456,1.89,-17.58,3.48,748,761,761,796,808
44476,-1.59,24.17,-10.86,750,761,762,794,812
44496,-2.69,25.94,-5.00,752,752,758,794,813
44516,-3.42,35.64,-8.12,748,747,765,790,814
44536,-0.85,17.33,4.88,755,772,764,791,814
44556,0.85,-9.34,1.46,762,755,757,793,812
44576,0.73,-3.97,-1.59,777,755,761,789,815
44596,2.75,-6.65,-2.62,799,756,761,794,811
44616,8.61,-13.37,-8.73,822,756,759,794,812
44636,6.77,-30.76,-2.38,843,758,762,787,811
44656,8.61,-19.47,-4.15,855,751,763,790,809
44676,8.85,30.46,-16.85,869,760,764,787,811
44696,6.29,21.85,-21.30,880,760,762,789,810
44716,6.23,8.67,-13.12,893,761,768,792,812
44736,4.33,6.04,-10.68,899,751,761,794,811
44756,-0.12,4.70,-3.48,900,756,759,796,817
44776,-1.04,2.56,1.59,901,757,764,794,808
44796,-0.67,-1.89,3.17,896,750,765,792,812
44816,-1.22,8.61,-2.62,899,756,761,794,808
44836,-3.48,9.95,-1.59,898,757,759,793,813
44856,-5.19,3.72,-0.92,900,755,759,795,809
44876,-4.27,5.31,-0.37,900,755,762,794,811
44896,-3.60,-1.46,6.23,888,750,761,795,810
44916,-9.77,6.10,4.52,877,761,761,795,822
44936,-24.17,26.86,5.80,875,761,761,794,811
44956,-33.39,16.78,10.50,874,752,764,792,812
44976,-17.52,6.16,12.02,883,761,764,793,814
44996,0.92,-25.82,6.84,889,758,762,795,814
45016,0.98,-15.56,1.53,900,754,761,789,813
45036,2.44,-7.69,-0.67,903,752,764,794,810
45056,5.55,6.10,-8.67,908,757,764,793,813
45076,2.81,12.57,-13.00,909,755,756,790,806
45096,-0.79,7.57,-5.92,911,761,763,795,809
45116,0.61,-2.69,0.00,912,755,761,793,811
45136,2.87,-12.94,1.04,917,759,761,794,818
45156,0.43,-6.23,2.32,915,761,760,796,805
45176,-0.61,0.55,-0.67,922,750,764,795,818
45196,-0.67,2.62,-0.92,922,758,761,790,809
45216,-0.61,-0.37,0.61,923,758,759,794,808
45236,-0.49,-1.65,-0.79,925,756,757,794,817
45256,-0.61,-0.98,0.37,923,750,760,789,815
45276,-0.73,-1.10,1.53,921,750,757,792,808
45296,-0.98,-1.46,1.77,918,752,756,795,812
45316,-0.49,-4.15,5.07,911,754,763,793,809
45336,1.16,-5.31,6.96,917,759,762,789,815
45356,0.06,-8.12,6.53,917,749,759,796,816
45376,-0.24,-4.15,2.20,907,758,759,797,810
45396,-0.79,0.61,-0.79,905,750,756,790,811
45416,-1.04,2.14,-1.04,902,755,766,797,811
45436,-0.98,1.46,0.12,896,757,756,795,812
45456,-0.67,-1.53,4.09,884,761,760,797,809
45476,-0.98,-2.56,7.14,867,754,765,793,809
45496,-2.62,-0.85,2.38,857,755,762,793,808
45516,-0.79,-1.95,-0.37,843,756,763,792,808
45536,-1.10,3.48,-3.78,822,749,759,793,814
45556,-0.98,2.99,-1.40,811,760,757,796,811
45576,-1.04,-0.67,1.16,805,755,761,793,812
45596,-1.34,2.14,0.55,807,755,760,791,815
45616,-0.49,-4.39,1.77,798,755,761,795,813
45636,-0.18,-5.55,4.94,792,759,763,796,817
45656,-0.31,-3.91,4.82,782,755,758,796,810
45676,-0.37,-2.44,2.62,774,762,763,791,810
45696,-0.98,1.53,-1.34,769,757,755,796,811
45716,-0.49,-6.65,3.05,765,759,756,794,829
45736,-0.79,-3.30,1.89,759,761,761,796,808
45756,-1.34,-5.74,4.52,763,753,761,792,810
45776,-3.17,-7.32,6.16,762,755,759,792,813
45796,-3.23,8.73,5.49,762,757,757,789,812
45816,-1.83,2.20,3.05,763,757,766,791,811
45836,-0.06,-5.49,4.21,762,753,761,793,810
45856,-0.12,-2.50,3.66,756,756,758,792,810
45876,-0.43,-1.40,2.69,760,756,760,790,812
45896,-0.37,-3.91,3.66,761,758,758,794,810
45916,-0.55,-3.11,3.72,761,757,758,793,810
45936,-0.61,-4.46,3.72,757,759,763,794,812
45956,-0.79,-3.97,3.11,762,757,762,793,810
45976,-0.67,-3.36,4.27,763,761,761,790,812
45996,-0.18,-2.87,4.15,758,751,761,787,812
46016,-0.12,1.77,0.43,759,762,761,795,813
46036,-0.67,3.30,-0.92,758,754,762,792,822
46056,-6.65,2.32,-0.61,759,761,762,797,818
46076,-19.53,-12.27,6.41,760,756,762,795,816
46096,-5.86,-20.87,16.85,758,757,761,790,817
46116,-6.04,-25.39,25.88,759,756,764,795,813
46136,-9.64,-43.27,19.29,759,754,764,792,813
46156,-1.34,16.30,-17.94,757,760,764,793,813
46176,-0.61,22.77,-10.13,760,756,760,797,810
46196,-0.55,-11.17,4.03,761,758,759,797,810
46216,1.10,-4.82,17.46,758,750,763,798,813
46236,-1.89,-9.40,8.42,757,753,763,788,815
46256,-1.16,0.55,8.12,760,755,764,794,810
46276,-0.24,0.37,2.20,761,756,761,790,815
46296,-0.06,-5.37,4.64,755,760,754,789,814
46316,0.43,-13.67,5.49,755,753,759,785,810
46336,-0.06,-7.87,-0.06,756,754,760,791,814
46356,-0.24,-12.57,3.72,759,758,761,783,810
46376,1.34,-9.28,-1.77,758,754,756,784,812
46396,7.63,-4.94,-6.96,759,757,762,785,814
46416,32.10,42.18,-38.57,758,750,763,789,809
46436,36.19,19.47,-30.70,753,761,760,787,812
46456,36.74,17.58,-17.82,756,759,762,791,812
46476,34.91,13.73,-10.01,754,757,759,790,810
46496,28.26,-8.36,10.50,753,759,760,787,812
46516,18.13,-5.74,15.44,753,755,758,789,815
46536,8.42,3.78,-8.97,755,755,764,791,810
46556,5.43,9.89,-13.06,756,755,759,787,816
46576,-0.73,7.75,-13.98,754,752,763,789,812
46596,-0.92,-14.34,1.10,754,758,758,792,808
46616,-0.61,-10.99,5.19,757,750,761,790,807
46636,-5.74,-10.01,-2.69,756,752,763,792,818
46656,-4.94,9.34,-18.01,757,751,763,790,815
46676,-2.14,5.37,-3.85,755,759,759,792,811
46696,-0.73,1.40,7.32,759,755,760,792,809
46716,6.90,9.40,2.14,758,754,762,789,817
46736,14.77,2.99,0.85,754,754,761,789,809
46756,18.01,2.38,-2.87,755,758,760,788,810
46776,12.88,-3.05,-4.09,759,753,754,791,814
46796,3.72,-4.76,-4.76,754,760,761,793,810
46816,-1.89,-5.00,-0.31,758,753,758,795,813
46836,-1.95,1.28,-1.16,757,753,760,786,812
46856,-0.92,-0.43,0.67,758,754,759,791,814
46876,-1.28,1.16,-1.53,756,755,760,785,810
46896,-1.04,0.00,-1.16,757,757,761,794,812
46916,-0.85,0.37,-0.92,757,748,759,792,809
46936,-0.67,-0.85,0.24,751,753,754,786,809
46956,-4.94,-5.98,5.92,759,756,764,785,813
46976,-10.74,-13.12,9.64,759,755,770,792,808
46996,-11.96,9.77,-20.20,753,757,781,787,810
47016,-0.43,-11.05,2.75,757,756,776,785,811
47036,2.81,10.62,-3.60,758,756,775,792,812
47056,6.71,-1.22,5.68,755,749,767,785,811
47076,5.19,8.42,3.11,757,758,762,792,810
47096,12.82,4.82,-0.18,758,759,763,788,810
47116,11.78,10.62,-5.55,752,759,761,790,816
47136,5.80,4.15,-0.73,755,757,761,784,806
47156,4.52,-0.67,3.66,757,748,764,787,813
47176,4.46,6.41,1.59,758,755,762,790,810
47196,9.83,6.96,-1.10,761,748,759,788,811
47216,14.71,-4.94,-1.53,758,754,754,791,810
47236,2.50,-4.82,-3.36,755,747,761,787,805
47256,-1.95,-2.87,-5.55,754,755,756,785,809
47276,7.08,3.78,-0.24,755,757,761,789,812
47296,40.10,-20.14,42.42,759,752,763,788,805
47316,50.72,-17.46,-30.33,756,753,760,787,803
47336,24.41,-0.67,-16.17,755,756,760,784,811
47356,-6.77,-18.43,15.14,758,755,761,785,814
47376,-13.12,3.91,0.00,757,759,763,789,815
47396,-7.02,7.63,4.70,755,753,761,789,812
47416,-5.68,-8.97,11.17,758,755,759,787,802
47436,3.23,-1.16,-3.91,756,750,758,788,808
47456,0.06,8.54,-4.70,755,760,764,787,807
47476,6.96,-3.36,26.31,755,757,759,786,809
47496,-2.50,-24.60,24.78,757,754,761,785,812
47516,4.33,-12.21,22.83,756,758,761,789,826
47536,19.96,1.16,1.04,757,753,761,792,809
47556,15.75,11.17,-9.58,758,751,761,786,808
47576,-3.48,26.61,-26.25,751,758,761,788,809
47596,31.80,57.86,-35.77,756,757,762,789,809
47616,59.88,73.12,-12.70,756,753,761,790,812
47636,61.89,58.11,4.39,751,758,764,787,815
47656,51.57,47.85,-3.60,758,749,764,785,807
47676,78.92,76.84,-25.70,752,753,764,786,805
47696,107.91,143.68,-36.07,752,757,772,780,809
47716,99.55,114.44,-19.29,755,752,757,788,807
47736,79.53,87.52,-30.46,755,753,760,787,810
47756,72.75,77.88,-17.94,755,754,761,785,809
47776,61.65,74.65,-23.68,756,752,760,783,809
47796,57.50,83.50,-32.04,755,754,763,780,811
47816,72.20,101.99,-26.37,757,754,763,784,812
47836,93.08,97.72,-22.52,755,757,762,778,809
47856,97.96,87.77,-24.23,754,757,762,782,809
47876,82.03,83.31,-27.77,752,753,764,777,808
47896,81.30,70.25,-17.15,755,759,761,778,824
47916,90.64,88.68,-7.51,757,754,760,782,810
47936,68.79,111.57,0.55,752,759,761,783,811
47956,48.52,108.52,-19.23,753,753,759,777,810
47976,35.95,109.19,-25.82,758,750,761,782,810
47996,47.91,110.84,-19.35,755,758,760,776,811
48016,50.29,117.98,17.64,755,754,761,783,811
48036,31.13,127.44,4.33,754,755,757,782,813
48056,24.78,117.55,-7.02,755,758,763,778,810
48076,6.96,104.31,-15.93,756,758,758,781,810
48096,-3.66,122.44,-36.25,753,757,758,782,811
48116,1.16,129.15,-56.15,756,750,760,781,811
48136,6.23,122.92,-62.07,753,757,767,779,808
48156,18.31,108.83,-65.49,750,753,760,779,810
48176,11.78,98.27,-52.19,754,751,756,782,809
48196,21.48,44.01,-9.89,755,748,762,785,803
48216,29.36,43.95,-19.53,754,757,762,784,808
48236,27.71,67.32,-39.43,747,753,763,780,805
48256,41.38,81.67,-20.94,755,750,761,784,809
48276,39.92,100.10,-43.40,748,754,763,785,810
48296,35.03,80.93,-38.51,751,754,762,782,807
48316,18.92,75.07,-32.90,750,751,757,780,814
48336,7.81,79.59,-31.19,749,755,763,778,809
48356,13.18,93.38,-22.28,753,754,760,782,807
48376,26.37,93.87,-18.86,748,754,760,785,808
48396,26.61,85.02,-16.36,753,755,760,776,809
48416,21.36,77.64,-18.13,753,752,756,784,799
48436,6.41,60.06,-5.00,750,758,763,784,811
48456,3.97,55.60,5.74,752,753,757,776,805
48476,-3.72,60.55,6.59,752,754,761,782,810
48496,-5.31,70.68,5.74,751,754,759,779,808
48516,-0.55,72.45,-12.76,753,755,761,783,810
48536,1.95,55.91,-14.28,753,760,763,783,812
48556,8.24,32.84,8.73,749,752,761,784,822
48576,-5.43,-14.04,6.10,747,754,761,782,810
48596,-19.90,-44.19,14.04,748,755,763,785,810
48616,-16.54,-86.73,41.38,748,756,760,783,810
48636,-17.76,-138.49,49.80,747,757,758,783,808
48656,-18.86,-146.67,28.44,752,755,759,784,808
48676,-17.09,-129.82,26.00,752,755,759,786,802
48696,-10.74,-144.04,4.39,750,757,758,783,805
48716,-23.62,-236.21,-7.26,749,750,766,786,805
48736,-38.57,-293.21,33.87,751,756,761,778,808
48756,3.60,-251.34,20.32,749,758,761,786,802
48776,38.94,-239.20,35.89,751,750,764,782,805
48796,42.97,-213.20,36.93,749,761,760,786,806
48816,16.72,-231.08,45.47,752,752,764,783,805
48836,-6.96,-257.81,49.93,752,748,763,787,805
48856,-12.33,-295.59,53.41,750,748,759,787,803
48876,-44.62,-304.99,74.40,749,759,760,785,804
48896,-86.36,-281.07,80.93,747,758,763,784,805
48916,-36.80,-196.53,77.70,753,759,761,786,798
48936,5.74,-149.41,62.68,752,750,760,787,796
48956,-19.17,-183.47,47.30,751,755,760,783,797
48976,-62.56,-212.34,35.77,749,751,759,785,802
48996,-39.31,-149.35,22.28,750,759,762,784,801
49016,-6.10,-113.65,30.09,751,760,761,791,806
49036,8.67,-113.04,21.36,753,748,761,787,803
49056,-8.67,-158.63,1.10,753,756,774,789,803
49076,-41.63,-175.11,-16.78,754,754,763,792,801
49096,-17.33,-166.32,-18.01,756,754,761,789,799
49116,-3.48,-137.70,-13.55,755,753,760,790,795
49136,-3.36,-146.91,-9.28,749,748,760,786,807
49156,-13.18,-146.91,-25.51,756,748,759,788,799
49176,-21.67,-153.08,-25.45,755,752,757,785,803
49196,-21.06,-133.67,-7.87,751,746,762,790,805
49216,-13.98,-126.46,-20.32,753,751,760,791,796
49236,-19.29,-129.27,-32.23,754,757,764,791,807
49256,-25.76,-99.73,-53.71,755,751,774,790,793
49276,-12.51,-105.35,-40.83,755,744,757,785,802
49296,-10.31,-124.88,-22.64,751,753,763,790,801
49316,-19.59,-111.76,-13.79,754,752,755,788,803
49336,-8.97,-74.22,-20.20,753,749,760,789,800
49356,-7.39,-64.64,-20.02,755,753,763,785,799
49376,-0.98,-54.38,-8.48,754,749,760,790,805
49396,3.11,-63.42,1.77,755,754,764,787,804
49416,-4.58,-66.71,-0.18,755,753,757,790,800
49436,-6.29,-24.48,-7.57,753,747,764,789,797
49456,0.24,3.17,-20.63,755,749,760,792,796
49476,-9.64,11.41,-30.46,756,746,759,791,801
49496,-6.71,33.14,-19.17,750,749,760,790,805
49516,6.65,53.65,-14.40,754,744,758,786,801
49536,10.74,69.09,-11.05,750,746,756,790,803
49556,19.10,95.40,-3.72,751,747,763,803,802
49576,29.97,179.32,-3.36,754,749,761,786,799
49596,11.72,241.88,1.46,754,748,758,788,806
49616,12.33,251.40,-9.09,746,744,763,787,799
49636,26.00,274.17,-40.16,752,749,761,789,801
49656,68.48,346.44,-61.34,750,742,760,787,803
49676,63.72,430.30,-76.42,756,752,760,787,796
49696,49.38,356.69,-107.24,753,747,760,788,807
49716,26.06,230.90,-70.98,753,749,760,780,805
49736,24.60,184.88,-38.15,755,746,758,785,804
49756,37.60,189.70,-26.43,754,751,755,783,800
49776,14.22,200.38,-51.15,754,750,758,785,802
49796,-10.19,201.60,-55.05,753,747,755,783,800
49816,8.24,221.68,-52.67,752,743,760,787,804
49836,15.87,193.54,-50.35,753,744,760,786,803
49856,3.48,132.93,-42.36,755,739,760,782,800
49876,-4.70,87.10,-38.27,752,752,758,780,802
49896,9.28,108.22,-28.08,754,740,761,782,802
49916,7.75,143.01,-38.15,746,746,763,778,798
49936,10.13,167.66,-49.32,752,752,759,780,802
49956,-1.71,161.93,-66.65,751,747,757,782,798
49976,-5.86,108.89,-52.98,751,751,756,781,804
49996,14.10,109.62,-30.58,752,750,756,783,800
50016,29.54,109.56,-13.73,747,747,761,784,809
50036,33.33,90.58,-3.66,752,748,762,777,802
50056,8.54,78.92,-22.58,750,745,758,781,803
50076,-14.34,41.26,-24.72,751,750,760,784,806
50096,-31.80,19.29,-28.38,748,740,760,777,802
50116,-32.04,10.80,4.03,746,745,760,784,805
50136,-29.42,2.32,18.49,751,744,763,781,799
50156,-77.76,-74.83,16.54,745,745,761,795,800
50176,-141.24,-50.72,-1.34,748,749,759,785,802
50196,-100.22,-20.02,26.73,748,747,760,786,804
50216,-109.44,12.27,38.15,751,750,758,785,802
50236,-87.40,-8.06,53.83,752,744,764,785,805
50256,-82.82,-1.46,17.46,745,747,759,783,799
50276,-110.11,15.56,-11.41,752,746,757,784,802
50296,-146.48,50.90,-50.17,748,750,761,786,804
50316,-119.57,35.83,-18.25,747,742,758,788,811
50336,-109.31,12.08,38.94,751,749,756,785,801
50356,-95.21,-18.31,80.51,752,750,758,785,803
50376,-91.00,-4.33,55.30,752,755,763,783,803
50396,-93.99,21.67,-1.71,750,747,761,788,801
50416,-67.38,29.79,-6.41,752,743,760,782,801
50436,-57.13,30.70,7.32,753,738,760,785,803
50456,-49.32,47.61,-9.03,749,745,760,781,802
50476,-40.71,35.77,3.42,751,748,761,787,799
50496,-72.39,53.22,-63.84,754,749,758,787,802
50516,-6.71,13.79,8.06,752,744,761,784,804
50536,31.25,-15.56,0.61,753,745,756,786,807
50556,67.99,-28.81,14.22,755,746,758,787,803
50576,81.12,-5.13,25.33,747,747,759,781,802
50596,68.91,-14.28,35.71,753,747,757,785,806
50616,126.46,-34.61,41.44,753,749,761,780,802
50636,167.54,-122.01,70.50,752,747,763,784,804
50656,159.73,-116.70,97.66,754,745,757,785,802
50676,173.40,-23.99,-3.60,749,742,760,779,802
50696,210.27,-37.60,22.28,747,740,758,785,803
50716,195.19,-87.89,52.61,760,740,763,778,804
50736,157.17,-86.49,18.25,750,739,764,784,800
50756,173.95,-57.37,12.63,749,747,758,784,799
50776,159.73,-21.36,-11.41,752,749,762,783,801
50796,171.14,-25.70,1.40,749,742,763,783,802
50816,140.20,-21.48,33.02,750,746,756,785,802
50836,90.58,-10.50,15.32,747,747,763,781,798
50856,117.00,-33.81,11.72,748,744,761,781,805
50876,95.52,-30.03,-1.28,751,743,760,783,800
50896,66.47,-12.02,-45.96,749,738,754,784,795
50916,103.21,-2.81,-11.72,749,741,760,776,798
50936,117.80,12.94,8.54,744,744,754,779,800
50956,39.12,12.82,-7.39,750,735,760,780,800
50976,9.22,8.18,-13.18,745,741,761,781,804
50996,-33.02,9.89,-14.16,747,744,767,781,799
51016,-89.23,33.69,5.19,746,741,758,776,805
51036,-208.86,37.05,12.57,751,751,760,780,797
51056,-376.71,2.69,12.88,749,747,757,785,825
51076,-401.61,51.15,-69.70,748,747,759,785,806
51096,-157.71,108.34,20.14,744,749,759,795,803
51116,-114.07,43.46,54.87,750,746,759,780,800
51136,-122.13,-15.81,41.26,749,744,762,788,801
51156,-100.34,-0.79,22.09,753,743,759,780,801
51176,-88.20,18.92,7.32,752,747,760,781,802
51196,-86.30,40.41,-13.67,749,740,762,783,798
51216,-57.31,39.98,-16.97,751,747,759,785,799
51236,-59.08,24.29,-0.73,752,744,754,782,803
51256,-46.45,7.69,11.05,751,741,760,784,796
51276,-47.24,5.74,2.56,752,746,757,782,799
51296,-64.76,26.25,-3.23,752,742,754,782,802
51316,-68.91,32.84,-15.99,753,744,755,782,802
51336,-70.01,36.13,-9.64,747,748,758,784,801
51356,-72.20,33.75,5.00,749,747,758,778,799
51376,-68.97,53.47,-10.38,753,748,759,781,798
51396,-76.17,41.87,-21.00,750,748,757,784,803
51416,-93.87,43.09,-43.33,751,743,755,782,801
51436,-127.69,66.22,-109.19,748,750,760,785,803
51456,-75.81,18.31,1.59,751,747,754,787,801
51476,-40.22,9.16,-2.87,752,746,757,782,800
51496,16.36,-21.30,-4.82,749,751,760,790,801
51516,36.56,-23.01,15.38,754,751,770,783,803
51536,26.86,-13.79,22.03,748,750,759,780,802
51556,50.96,-16.30,36.19,750,749,759,781,803
51576,126.04,-79.41,73.36,750,752,762,782,798
51596,219.60,-147.83,139.04,752,750,758,783,797
51616,203.61,-104.61,124.82,753,747,763,783,798
51636,88.81,-57.80,63.48,752,745,758,787,801
51656,118.53,-83.80,70.50,747,753,763,784,796
51676,190.25,-91.67,54.87,750,753,762,782,799
51696,256.96,-86.79,39.86,751,743,763,786,799
51716,199.28,-58.47,3.66,751,750,762,782,800
51736,152.28,-69.70,38.02,751,753,760,782,809
51756,135.86,-2.75,28.38,752,748,761,783,799
51776,98.88,22.64,11.84,748,752,757,782,801
51796,29.11,-9.52,28.02,751,750,758,785,802
51816,-58.96,-69.21,13.12,747,750,763,781,797
51836,-107.85,-124.39,17.52,745,751,763,783,806
51856,-109.99,-106.26,54.63,751,756,762,784,801
51876,-101.07,-98.33,117.31,751,752,760,787,803
51896,-75.13,-100.46,118.59,748,748,756,785,803
51916,-118.84,-0.79,-50.48,747,749,761,783,802
51936,-189.64,17.15,-171.26,752,752,762,775,802
51956,-89.29,-44.19,-71.11,751,749,763,783,797
51976,-40.89,-42.05,-16.78,754,752,754,781,801
51996,-50.48,5.00,-43.70,754,752,761,783,803
52016,2.38,-25.45,22.52,752,751,757,779,804
52036,30.15,-25.88,39.25,754,755,760,782,803
52056,33.14,-36.01,35.58,748,742,759,779,801
52076,21.06,-25.51,21.73,748,755,759,782,799
52096,-0.37,2.62,-3.23,753,750,754,783,810
52116,-16.91,7.08,-9.58,753,753,760,779,805
52136,-26.31,4.46,-10.80,748,750,760,785,800
52156,-18.86,-2.87,-5.98,752,754,755,785,803
52176,-8.36,1.10,-6.96,753,750,759,777,790
52196,3.05,-2.20,2.01,753,749,762,782,802
52216,6.04,-8.36,9.40,751,744,759,777,800
52236,3.72,-5.19,5.80,746,755,762,782,802
52256,-0.67,-3.78,1.71,753,752,758,782,798
52276,-5.37,0.00,-2.14,752,747,755,785,801
52296,-4.88,-2.26,0.18,753,756,759,777,801
52316,-1.83,-2.44,1.53,752,756,762,781,800
52336,0.85,-3.66,2.87,752,756,762,778,802
52356,1.04,-2.26,1.40,752,751,759,783,804
52376,-1.04,-2.26,0.85,753,751,757,781,794
52396,-3.54,-0.37,-0.92,751,754,760,783,798
52416,-3.48,-0.92,-0.55,753,754,761,780,802
52436,-2.44,-1.53,0.06,749,744,763,784,796
52456,-0.18,-3.23,1.71,751,751,755,780,805
52476,0.37,-2.93,2.01,746,754,760,783,796
52496,0.12,-2.38,1.71,750,752,755,778,800
52516,-1.40,-2.08,0.98,753,755,762,784,795
52536,-2.14,-1.10,-0.18,753,751,755,780,801
52556,-2.08,-0.79,-0.55,750,753,756,781,800
52576,-1.53,-3.54,1.16,751,751,755,782,808
52596,-2.50,-7.39,5.13,752,755,755,782,795
52616,-1.89,-4.03,3.48,753,746,762,780,802
52636,-1.77,-2.75,1.28,754,753,757,778,800
52656,-1.16,-0.98,-0.31,752,751,757,781,801
52676,-1.28,-1.28,0.18,751,753,755,778,825
52696,-1.04,-0.92,0.43,751,750,759,776,803
52716,-0.85,-1.16,0.67,746,750,759,781,800
52736,-0.98,-1.28,0.43,747,752,760,779,800
52756,-1.04,-1.59,0.37,751,750,756,776,800
52776,-1.65,-2.32,1.10,750,751,756,781,797
52796,-1.77,-1.95,1.22,746,750,762,777,803
